assignment_id,faculty_id,offering_id,academic_year_id
1,73,1,5
2,32,2,5
3,32,3,5
4,73,4,5
5,32,5,5
6,51,6,5
7,25,7,5
8,65,8,5
9,73,9,5
10,65,10,5
11,49,11,5
12,49,12,5
13,76,13,5
14,14,14,5
15,14,15,5
16,52,16,5
17,4,17,5
18,14,18,5
19,76,19,5
20,76,20,5
21,41,21,5
22,49,22,5
23,76,23,5
24,91,24,5
25,56,25,5
26,48,26,5
27,88,27,5
28,6,28,5
29,53,29,5
30,2,30,5
31,75,31,5
32,27,32,5
33,91,33,5
34,8,34,5
35,38,35,5
36,13,36,5
37,78,37,5
38,55,38,5
39,70,39,5
40,85,40,5
41,38,41,5
42,59,42,5
43,38,43,5
44,70,44,5
45,33,45,5
46,92,46,5
47,40,47,5
48,58,48,5
49,46,49,5
50,93,50,5
51,61,51,5
52,61,52,5
53,72,53,5
54,33,54,5
55,93,55,5
56,61,56,5
57,46,57,5
58,16,58,5
59,60,59,5
60,69,60,5
61,69,61,5
62,16,62,5
63,69,63,5
64,62,64,5
65,69,65,5
66,94,66,5
67,87,67,5
68,82,68,5
69,39,69,5
70,42,70,5
71,96,71,5
72,3,72,5
73,39,73,5
74,29,74,5
75,9,75,5
76,83,76,5
77,73,77,5
78,51,78,5
79,32,79,5
80,73,80,5
81,25,81,5
82,73,82,5
83,63,83,5
84,97,84,5
85,65,85,5
86,76,86,5
87,4,87,5
88,67,88,5
89,89,89,5
90,4,90,5
91,34,91,5
92,26,92,5
93,67,93,5
94,14,94,5
95,15,95,5
96,41,96,5
97,4,97,5
98,34,98,5
99,43,99,5
100,81,100,5
101,68,101,5
102,35,102,5
103,20,103,5
104,24,104,5
105,79,105,5
106,86,106,5
107,71,107,5
108,86,108,5
109,35,109,5
110,43,110,5
111,77,111,5
112,91,112,5
113,90,113,5
114,75,114,5
115,77,115,5
116,19,116,5
117,47,117,5
118,90,118,5
119,12,119,5
120,50,120,5
121,6,121,5
122,59,122,5
123,66,123,5
124,13,124,5
125,59,125,5
126,95,126,5
127,13,127,5
128,8,128,5
129,85,129,5
130,66,130,5
