company_id,company_name,industry,website,hr_contact_name,hr_email,hr_phone
1,BharatSolutions Inc,Product Engineering,www.bharatsolutions.com,Jatin Yadav,jatin.yadav20001@corp-hr.com,+917037970706
2,NexTechnologies LLP,Product Engineering,www.nextechnologies.com,Tanya Saxena,tanya.saxena20002@corp-hr.com,+918494965623
3,PrimeTechnologies Pvt Ltd,E-commerce,www.primetechnologies.com,Nikita Banerjee,nikita.banerjee20003@corp-hr.com,+916152223550
4,ZenInnovations Ltd,Healthcare Tech,www.zeninnovations.com,Juhi Chandra,juhi.chandra20004@corp-hr.com,+917437701062
5,SysSolutions Inc,Healthcare Tech,www.syssolutions.com,Madhuri Gowda,madhuri.gowda20005@corp-hr.com,+919637426431
6,DigiTechnologies Ltd,EdTech,www.digitechnologies.com,Radhika Patil,radhika.patil20006@corp-hr.com,+919882200244
7,NexSolutions Inc,EdTech,www.nexsolutions.com,Nitin Bose,nitin.bose20007@corp-hr.com,+916176694711
8,ZenInnovations Pvt Ltd,Core Manufacturing,www.zeninnovations.com,Yash Singh,yash.singh20008@corp-hr.com,+916122811283
9,VertexSoftware Inc,Core Manufacturing,www.vertexsoftware.com,Gopal Solanki,gopal.solanki20009@corp-hr.com,+916732080246
10,VertexTechnologies LLP,E-commerce,www.vertextechnologies.com,Aparna Thakur,aparna.thakur20010@corp-hr.com,+917445992427
11,DigiDynamics Ltd,Product Engineering,www.digidynamics.com,Ishaan Chandra,ishaan.chandra20011@corp-hr.com,+918876667129
12,SysWorks Ltd,Product Engineering,www.sysworks.com,Madhuri Jadhav,madhuri.jadhav20012@corp-hr.com,+917997935746
13,ApexTechnologies Inc,E-commerce,www.apextechnologies.com,Jyoti Chatterjee,jyoti.chatterjee20013@corp-hr.com,+918962998324
14,TechEnterprises Pvt Ltd,Product Engineering,www.techenterprises.com,Varun Chandra,varun.chandra20014@corp-hr.com,+919063067132
15,NovaSolutions Ltd,Product Engineering,www.novasolutions.com,Namrata Kulkarni,namrata.kulkarni20015@corp-hr.com,+918162523314
16,VertexConsulting Ltd,Telecom,www.vertexconsulting.com,Sneha Mukherjee,sneha.mukherjee20016@corp-hr.com,+917801553242
17,MetaSystems Inc,Core Manufacturing,www.metasystems.com,Sandeep Gowda,sandeep.gowda20017@corp-hr.com,+919851601131
18,PrimeDynamics LLP,Healthcare Tech,www.primedynamics.com,Varun Solanki,varun.solanki20018@corp-hr.com,+917469087108
19,InfoSystems LLP,Consulting,www.infosystems.com,Ajay Chakraborty,ajay.chakraborty20019@corp-hr.com,+918388860135
20,DataConsulting Pvt Ltd,Telecom,www.dataconsulting.com,Anika Bansal,anika.bansal20020@corp-hr.com,+919618577219
21,SysSystems Ltd,EdTech,www.syssystems.com,Sai Sharma,sai.sharma20021@corp-hr.com,+916566255402
22,GlobalInnovations Ltd,Healthcare Tech,www.globalinnovations.com,Bhumi Rao,bhumi.rao20022@corp-hr.com,+919014805356
23,ApexConsulting Pvt Ltd,Consulting,www.apexconsulting.com,Zara Prasad,zara.prasad20023@corp-hr.com,+918819490506
24,AlphaSoftware Inc,Banking & Finance,www.alphasoftware.com,Lavanya Tiwari,lavanya.tiwari20024@corp-hr.com,+916877639642
25,BharatDynamics Inc,Healthcare Tech,www.bharatdynamics.com,Diya Mehta,diya.mehta20025@corp-hr.com,+918946108581
26,GlobalLabs Inc,Healthcare Tech,www.globallabs.com,Madhuri Shinde,madhuri.shinde20026@corp-hr.com,+918440280847
27,SmartWorks Pvt Ltd,Consulting,www.smartworks.com,Harsh Mishra,harsh.mishra20027@corp-hr.com,+919409656870
28,PrimeLabs Pvt Ltd,IT Services,www.primelabs.com,Swati Menon,swati.menon20028@corp-hr.com,+918195225266
29,SmartTechnologies Ltd,E-commerce,www.smarttechnologies.com,Ishani Sen,ishani.sen20029@corp-hr.com,+918472271359
30,BharatSolutions Ltd,Product Engineering,www.bharatsolutions.com,Kiran Thakur,kiran.thakur20030@corp-hr.com,+919540294492
31,QuantumDynamics Pvt Ltd,Consulting,www.quantumdynamics.com,Harshita Tiwari,harshita.tiwari20031@corp-hr.com,+919741714180
32,QuantumSolutions Inc,Core Manufacturing,www.quantumsolutions.com,Megha Chatterjee,megha.chatterjee20032@corp-hr.com,+919593672401
33,GlobalTechnologies Ltd,Automotive,www.globaltechnologies.com,Vidya Menon,vidya.menon20033@corp-hr.com,+919665751508
34,CloudConsulting Ltd,EdTech,www.cloudconsulting.com,Radhika Nair,radhika.nair20034@corp-hr.com,+919300011864
35,TechWorks Ltd,E-commerce,www.techworks.com,Sameer Roy,sameer.roy20035@corp-hr.com,+919424237162
36,AlphaConsulting Ltd,Banking & Finance,www.alphaconsulting.com,Ankit Verma,ankit.verma20036@corp-hr.com,+919647743555
37,TechDynamics Ltd,IT Services,www.techdynamics.com,Ankit Gupta,ankit.gupta20037@corp-hr.com,+916488198836
38,TechLabs LLP,Banking & Finance,www.techlabs.com,Bhumi Sen,bhumi.sen20038@corp-hr.com,+917459655089
39,SysEnterprises Pvt Ltd,Product Engineering,www.sysenterprises.com,Ajay Mahajan,ajay.mahajan20039@corp-hr.com,+919768873059
40,TechTechnologies Ltd,EdTech,www.techtechnologies.com,Vikram Shah,vikram.shah20040@corp-hr.com,+919788873825
41,ZenDynamics LLP,Automotive,www.zendynamics.com,Tarun Sharma,tarun.sharma20041@corp-hr.com,+919632284050
42,ZenEnterprises Ltd,Core Manufacturing,www.zenenterprises.com,Isha Dutta,isha.dutta20042@corp-hr.com,+918779261228
43,InfoSolutions LLP,Product Engineering,www.infosolutions.com,Manish Ghosh,manish.ghosh20043@corp-hr.com,+916497547458
44,BharatSoftware Ltd,Automotive,www.bharatsoftware.com,Ajay Hegde,ajay.hegde20044@corp-hr.com,+919437394334
45,VertexDynamics Pvt Ltd,Consulting,www.vertexdynamics.com,Chandni Dutta,chandni.dutta20045@corp-hr.com,+918633668481
46,QuantumSystems Ltd,Healthcare Tech,www.quantumsystems.com,Vikram Kulkarni,vikram.kulkarni20046@corp-hr.com,+919632104673
47,NexConsulting Ltd,E-commerce,www.nexconsulting.com,Reyansh Reddy,reyansh.reddy20047@corp-hr.com,+918156231127
48,CloudSystems Inc,E-commerce,www.cloudsystems.com,Bhumi Chopra,bhumi.chopra20048@corp-hr.com,+919127098213
49,TechInnovations LLP,EdTech,www.techinnovations.com,Madhuri Das,madhuri.das20049@corp-hr.com,+916665921546
50,SysDynamics Inc,E-commerce,www.sysdynamics.com,Deepti Hegde,deepti.hegde20050@corp-hr.com,+916345380522
51,QuantumEnterprises LLP,EdTech,www.quantumenterprises.com,Aditya Singh,aditya.singh20051@corp-hr.com,+918603873664
52,NexWorks Inc,Product Engineering,www.nexworks.com,Isha Ghosh,isha.ghosh20052@corp-hr.com,+919884386059
53,PrimeEnterprises Pvt Ltd,IT Services,www.primeenterprises.com,Sanjay Sen,sanjay.sen20053@corp-hr.com,+919963602153
54,BrightEnterprises LLP,Product Engineering,www.brightenterprises.com,Reyansh Chakraborty,reyansh.chakraborty20054@corp-hr.com,+918064206455
55,NexSystems Pvt Ltd,Automotive,www.nexsystems.com,Kavya Mishra,kavya.mishra20055@corp-hr.com,+916696024372
56,GlobalDynamics Ltd,Product Engineering,www.globaldynamics.com,Deepika Tiwari,deepika.tiwari20056@corp-hr.com,+918770261279
57,SysSolutions Inc,IT Services,www.syssolutions.com,Ishani Sen,ishani.sen20057@corp-hr.com,+919669772309
58,ZenTechnologies Ltd,Consulting,www.zentechnologies.com,Aditya Mishra,aditya.mishra20058@corp-hr.com,+917438242759
59,PrimeConsulting LLP,Consulting,www.primeconsulting.com,Falguni Sen,falguni.sen20059@corp-hr.com,+916256388396
60,MetaSoftware LLP,E-commerce,www.metasoftware.com,Dev Yadav,dev.yadav20060@corp-hr.com,+916371226382
61,GlobalSystems LLP,Consulting,www.globalsystems.com,Falguni Bansal,falguni.bansal20061@corp-hr.com,+918502812144
62,SmartDynamics LLP,EdTech,www.smartdynamics.com,Bhavya Shinde,bhavya.shinde20062@corp-hr.com,+916568954612
63,BrightWorks Inc,Core Manufacturing,www.brightworks.com,Chirag Agarwal,chirag.agarwal20063@corp-hr.com,+918749027549
64,VertexDynamics Ltd,EdTech,www.vertexdynamics.com,Vikram Mukherjee,vikram.mukherjee20064@corp-hr.com,+917345464201
65,SmartSolutions Inc,IT Services,www.smartsolutions.com,Vivaan Das,vivaan.das20065@corp-hr.com,+918058815969
66,BharatDynamics Ltd,Healthcare Tech,www.bharatdynamics.com,Chirag Agarwal,chirag.agarwal20066@corp-hr.com,+916326492160
67,NexWorks Inc,EdTech,www.nexworks.com,Aparna Gowda,aparna.gowda20067@corp-hr.com,+918814315340
68,AlphaConsulting Pvt Ltd,E-commerce,www.alphaconsulting.com,Komal Patil,komal.patil20068@corp-hr.com,+919332491680
69,SysSystems Inc,E-commerce,www.syssystems.com,Harshita Bansal,harshita.bansal20069@corp-hr.com,+919989905137
70,BrightSolutions Inc,Banking & Finance,www.brightsolutions.com,Riya Saxena,riya.saxena20070@corp-hr.com,+917339559301
71,GlobalTechnologies Inc,Product Engineering,www.globaltechnologies.com,Aparna Nair,aparna.nair20071@corp-hr.com,+917715316908
72,GlobalDynamics LLP,E-commerce,www.globaldynamics.com,Rajesh Suri,rajesh.suri20072@corp-hr.com,+918817174454
73,QuantumLabs Pvt Ltd,E-commerce,www.quantumlabs.com,Reyansh Yadav,reyansh.yadav20073@corp-hr.com,+919303853409
74,SmartWorks Inc,Consulting,www.smartworks.com,Aarav Pandey,aarav.pandey20074@corp-hr.com,+917555651340
75,CloudSystems Ltd,Healthcare Tech,www.cloudsystems.com,Dev Bhat,dev.bhat20075@corp-hr.com,+919644417941
76,NexDynamics Ltd,Telecom,www.nexdynamics.com,Aakash Mahajan,aakash.mahajan20076@corp-hr.com,+919123136453
77,ApexWorks Inc,Banking & Finance,www.apexworks.com,Aditi Nair,aditi.nair20077@corp-hr.com,+918055322336
78,VertexSoftware Pvt Ltd,Product Engineering,www.vertexsoftware.com,Charu Shah,charu.shah20078@corp-hr.com,+917902227409
79,DigiWorks Ltd,Healthcare Tech,www.digiworks.com,Pooja Bhatia,pooja.bhatia20079@corp-hr.com,+918723894580
80,PrimeInnovations Pvt Ltd,IT Services,www.primeinnovations.com,Simran Bose,simran.bose20080@corp-hr.com,+917514630180
81,CoreConsulting Pvt Ltd,Healthcare Tech,www.coreconsulting.com,Lavanya Pandey,lavanya.pandey20081@corp-hr.com,+917327380773
82,AlphaEnterprises Inc,E-commerce,www.alphaenterprises.com,Esha Solanki,esha.solanki20082@corp-hr.com,+916937820551
83,NovaLabs LLP,Telecom,www.novalabs.com,Arjun Dutta,arjun.dutta20083@corp-hr.com,+916205032739
84,ApexSystems Inc,EdTech,www.apexsystems.com,Pari Sen,pari.sen20084@corp-hr.com,+919757162701
85,CoreSystems Inc,Telecom,www.coresystems.com,Aryan Thakur,aryan.thakur20085@corp-hr.com,+918771067688
86,GlobalTechnologies Pvt Ltd,Core Manufacturing,www.globaltechnologies.com,Ishani Shah,ishani.shah20086@corp-hr.com,+917231379440
87,CloudEnterprises LLP,Healthcare Tech,www.cloudenterprises.com,Ira Thakur,ira.thakur20087@corp-hr.com,+918369260197
88,DigiLabs Ltd,EdTech,www.digilabs.com,Kiran Menon,kiran.menon20088@corp-hr.com,+916243260566
89,MetaSolutions Ltd,Core Manufacturing,www.metasolutions.com,Bhumi Yadav,bhumi.yadav20089@corp-hr.com,+918203529503
90,DigiLabs LLP,Telecom,www.digilabs.com,Priya Chakraborty,priya.chakraborty20090@corp-hr.com,+917013694768
91,MetaConsulting Ltd,Product Engineering,www.metaconsulting.com,Gaurav Yadav,gaurav.yadav20091@corp-hr.com,+917380366380
92,DataInnovations LLP,Healthcare Tech,www.datainnovations.com,Madhuri Menon,madhuri.menon20092@corp-hr.com,+918922896841
93,QuantumDynamics Pvt Ltd,Banking & Finance,www.quantumdynamics.com,Amit Joshi,amit.joshi20093@corp-hr.com,+916496950707
94,AlphaSystems Ltd,IT Services,www.alphasystems.com,Radhika Chatterjee,radhika.chatterjee20094@corp-hr.com,+919619806022
95,NovaTechnologies Pvt Ltd,Consulting,www.novatechnologies.com,Varun Gupta,varun.gupta20095@corp-hr.com,+918886491802
96,QuantumInnovations Ltd,Consulting,www.quantuminnovations.com,Aditya Mukherjee,aditya.mukherjee20096@corp-hr.com,+917501763350
97,CoreSoftware LLP,IT Services,www.coresoftware.com,Myra Deshmukh,myra.deshmukh20097@corp-hr.com,+916300147238
98,BharatLabs Inc,EdTech,www.bharatlabs.com,Ashish Joshi,ashish.joshi20098@corp-hr.com,+916664443203
99,BharatEnterprises Pvt Ltd,E-commerce,www.bharatenterprises.com,Nikita Solanki,nikita.solanki20099@corp-hr.com,+917908273467
100,ZenSystems Pvt Ltd,Product Engineering,www.zensystems.com,Chandni Bhat,chandni.bhat20100@corp-hr.com,+917960368669
101,PrimeEnterprises LLP,Telecom,www.primeenterprises.com,Simran Verma,simran.verma20101@corp-hr.com,+917293796513
102,NexSolutions LLP,Core Manufacturing,www.nexsolutions.com,Kavya Patel,kavya.patel20102@corp-hr.com,+918787854161
103,DigiLabs LLP,Healthcare Tech,www.digilabs.com,Ayaan Sethi,ayaan.sethi20103@corp-hr.com,+919896440034
104,PrimeSoftware Inc,Core Manufacturing,www.primesoftware.com,Aadhya Jadhav,aadhya.jadhav20104@corp-hr.com,+919864798415
105,AlphaSystems LLP,Banking & Finance,www.alphasystems.com,Ankit Patel,ankit.patel20105@corp-hr.com,+918352784138
106,CloudLabs Inc,Automotive,www.cloudlabs.com,Amit Shah,amit.shah20106@corp-hr.com,+918346020620
107,VertexEnterprises Ltd,E-commerce,www.vertexenterprises.com,Sneha Khanna,sneha.khanna20107@corp-hr.com,+916676668029
108,MetaSystems Inc,Product Engineering,www.metasystems.com,Rajesh Mishra,rajesh.mishra20108@corp-hr.com,+918343717665
109,PrimeSolutions Ltd,E-commerce,www.primesolutions.com,Rohit Bhatia,rohit.bhatia20109@corp-hr.com,+916449109731
110,InfoSolutions Pvt Ltd,EdTech,www.infosolutions.com,Oindrila Saxena,oindrila.saxena20110@corp-hr.com,+916503268602
111,NovaSystems Pvt Ltd,IT Services,www.novasystems.com,Gaurav Mahajan,gaurav.mahajan20111@corp-hr.com,+919952371549
112,VertexLabs Pvt Ltd,Banking & Finance,www.vertexlabs.com,Nikhil Arora,nikhil.arora20112@corp-hr.com,+918527515411
113,SysDynamics Pvt Ltd,E-commerce,www.sysdynamics.com,Prateek Khanna,prateek.khanna20113@corp-hr.com,+919877174470
114,AlphaInnovations Inc,Healthcare Tech,www.alphainnovations.com,Ayaan Kumar,ayaan.kumar20114@corp-hr.com,+919277698715
115,CoreWorks Pvt Ltd,Banking & Finance,www.coreworks.com,Deepak Gowda,deepak.gowda20115@corp-hr.com,+919860597726
116,ZenTechnologies Ltd,Banking & Finance,www.zentechnologies.com,Pooja Dutta,pooja.dutta20116@corp-hr.com,+917403412903
117,DataWorks Ltd,EdTech,www.dataworks.com,Oindrila Deshmukh,oindrila.deshmukh20117@corp-hr.com,+917732362445
118,NovaWorks Ltd,EdTech,www.novaworks.com,Ishaan Chatterjee,ishaan.chatterjee20118@corp-hr.com,+916866190698
119,SysDynamics Inc,IT Services,www.sysdynamics.com,Anand Dutta,anand.dutta20119@corp-hr.com,+916521441417
120,NovaSolutions Ltd,Product Engineering,www.novasolutions.com,Bhavya Saxena,bhavya.saxena20120@corp-hr.com,+918472411591
121,PrimeSystems Ltd,Telecom,www.primesystems.com,Gauri Nair,gauri.nair20121@corp-hr.com,+917360173048
122,NovaEnterprises Pvt Ltd,E-commerce,www.novaenterprises.com,Ananya Shah,ananya.shah20122@corp-hr.com,+916813192012
123,BrightSolutions Pvt Ltd,Automotive,www.brightsolutions.com,Suresh Malhotra,suresh.malhotra20123@corp-hr.com,+917425737779
124,VertexSolutions LLP,Product Engineering,www.vertexsolutions.com,Esha Patel,esha.patel20124@corp-hr.com,+916266633790
125,BrightSoftware Pvt Ltd,Healthcare Tech,www.brightsoftware.com,Gauri Kapoor,gauri.kapoor20125@corp-hr.com,+918942303134
126,VertexEnterprises LLP,IT Services,www.vertexenterprises.com,Naveen Joshi,naveen.joshi20126@corp-hr.com,+917383311299
127,BrightSystems Pvt Ltd,Product Engineering,www.brightsystems.com,Yash Kapoor,yash.kapoor20127@corp-hr.com,+918243896436
128,PrimeDynamics Inc,Automotive,www.primedynamics.com,Lipika Malhotra,lipika.malhotra20128@corp-hr.com,+918820467504
129,AlphaTechnologies Pvt Ltd,Telecom,www.alphatechnologies.com,Krishna Sen,krishna.sen20129@corp-hr.com,+916924254186
130,CloudWorks LLP,Healthcare Tech,www.cloudworks.com,Neha Desai,neha.desai20130@corp-hr.com,+916990783600
131,BharatSolutions Inc,EdTech,www.bharatsolutions.com,Arjun Sharma,arjun.sharma20131@corp-hr.com,+916121046791
132,QuantumSoftware Pvt Ltd,Core Manufacturing,www.quantumsoftware.com,Tarun Desai,tarun.desai20132@corp-hr.com,+919114799664
133,QuantumConsulting Pvt Ltd,IT Services,www.quantumconsulting.com,Ajay Deshmukh,ajay.deshmukh20133@corp-hr.com,+917318821784
134,BrightSolutions Pvt Ltd,IT Services,www.brightsolutions.com,Anjali Iyer,anjali.iyer20134@corp-hr.com,+916582702967
135,ApexSystems Inc,Automotive,www.apexsystems.com,Pari Rao,pari.rao20135@corp-hr.com,+917790354092
136,PrimeLabs Inc,Telecom,www.primelabs.com,Nisha Pandey,nisha.pandey20136@corp-hr.com,+919733823943
137,DataDynamics LLP,Healthcare Tech,www.datadynamics.com,Jyoti Verma,jyoti.verma20137@corp-hr.com,+918342941666
138,SysInnovations Ltd,Product Engineering,www.sysinnovations.com,Simran Dutta,simran.dutta20138@corp-hr.com,+916675474481
139,SmartSystems Ltd,Product Engineering,www.smartsystems.com,Nitin Verma,nitin.verma20139@corp-hr.com,+919328742578
140,BharatLabs Ltd,Healthcare Tech,www.bharatlabs.com,Aakash Desai,aakash.desai20140@corp-hr.com,+917003111661
141,TechConsulting Pvt Ltd,Automotive,www.techconsulting.com,Vaishnavi Hegde,vaishnavi.hegde20141@corp-hr.com,+918264156854
142,VertexLabs Pvt Ltd,IT Services,www.vertexlabs.com,Radhika Pillai,radhika.pillai20142@corp-hr.com,+919756366859
143,QuantumDynamics Inc,Consulting,www.quantumdynamics.com,Garima Sethi,garima.sethi20143@corp-hr.com,+918021473065
144,ApexTechnologies Ltd,Automotive,www.apextechnologies.com,Tanvi Arora,tanvi.arora20144@corp-hr.com,+919711502220
145,NexTechnologies Pvt Ltd,IT Services,www.nextechnologies.com,Karthik Chakraborty,karthik.chakraborty20145@corp-hr.com,+919485370048
146,DataWorks Ltd,IT Services,www.dataworks.com,Gopal Kulkarni,gopal.kulkarni20146@corp-hr.com,+917471308135
147,QuantumTechnologies Inc,IT Services,www.quantumtechnologies.com,Ajay Hegde,ajay.hegde20147@corp-hr.com,+918337376288
148,ZenDynamics Inc,Telecom,www.zendynamics.com,Nikhil Bansal,nikhil.bansal20148@corp-hr.com,+917883873613
149,SysSolutions Pvt Ltd,EdTech,www.syssolutions.com,Shubham Das,shubham.das20149@corp-hr.com,+917755947047
150,BrightTechnologies LLP,Banking & Finance,www.brighttechnologies.com,Sandeep Patil,sandeep.patil20150@corp-hr.com,+917529214045
