section_id,program_id,semester_id,section_name,academic_year_id,max_students
1,1,9,A,5,70
2,1,9,B,5,70
3,1,10,A,5,70
4,1,10,B,5,70
5,2,9,A,5,70
6,2,9,B,5,70
7,2,10,A,5,70
8,2,10,B,5,70
9,3,9,A,5,70
10,3,9,B,5,70
11,3,10,A,5,70
12,3,10,B,5,70
13,4,9,A,5,70
14,4,9,B,5,70
15,4,10,A,5,70
16,4,10,B,5,70
17,5,9,A,5,70
18,5,9,B,5,70
19,5,10,A,5,70
20,5,10,B,5,70
21,6,9,A,5,70
22,6,9,B,5,70
23,6,10,A,5,70
24,6,10,B,5,70
25,7,9,A,5,70
26,7,9,B,5,70
27,7,10,A,5,70
28,7,10,B,5,70
29,8,9,A,5,70
30,8,9,B,5,70
31,8,10,A,5,70
32,8,10,B,5,70
33,9,9,A,5,70
34,9,9,B,5,70
35,9,10,A,5,70
36,9,10,B,5,70
37,10,9,A,5,70
38,10,9,B,5,70
39,10,10,A,5,70
40,10,10,B,5,70
41,11,9,A,5,70
42,11,9,B,5,70
43,11,10,A,5,70
44,11,10,B,5,70
45,12,9,A,5,70
46,12,9,B,5,70
47,12,10,A,5,70
48,12,10,B,5,70
