offering_id,subject_id,program_id,semester_id,academic_year_id
1,4,1,9,5
2,8,1,9,5
3,7,1,9,5
4,3,1,9,5
5,11,1,9,5
6,5,1,9,5
7,69,1,10,5
8,12,1,10,5
9,3,1,10,5
10,6,1,10,5
11,15,2,9,5
12,19,2,9,5
13,17,2,9,5
14,18,2,9,5
15,20,2,9,5
16,16,2,9,5
17,17,2,10,5
18,16,2,10,5
19,15,2,10,5
20,18,2,10,5
21,13,2,10,5
22,19,2,10,5
23,14,2,10,5
24,78,3,9,5
25,26,3,9,5
26,71,3,9,5
27,74,3,9,5
28,25,3,9,5
29,71,3,10,5
30,25,3,10,5
31,74,3,10,5
32,78,3,10,5
33,28,3,10,5
34,29,4,9,5
35,35,4,9,5
36,34,4,9,5
37,32,4,9,5
38,33,4,9,5
39,63,4,9,5
40,61,4,9,5
41,35,4,10,5
42,34,4,10,5
43,61,4,10,5
44,30,4,10,5
45,38,5,9,5
46,40,5,9,5
47,37,5,9,5
48,79,5,9,5
49,80,5,9,5
50,75,5,9,5
51,41,5,9,5
52,80,5,10,5
53,37,5,10,5
54,79,5,10,5
55,39,5,10,5
56,38,5,10,5
57,36,5,10,5
58,46,6,9,5
59,44,6,9,5
60,67,6,9,5
61,68,6,9,5
62,46,6,10,5
63,42,6,10,5
64,47,6,10,5
65,66,6,10,5
66,48,7,9,5
67,53,7,9,5
68,54,7,9,5
69,49,7,9,5
70,49,7,10,5
71,53,7,10,5
72,51,7,10,5
73,52,7,10,5
74,48,7,10,5
75,50,7,10,5
76,70,7,10,5
77,73,8,9,5
78,7,8,9,5
79,3,8,9,5
80,10,8,9,5
81,7,8,10,5
82,5,8,10,5
83,1,8,10,5
84,8,8,10,5
85,11,8,10,5
86,15,9,9,5
87,14,9,9,5
88,19,9,9,5
89,16,9,9,5
90,18,9,9,5
91,20,9,9,5
92,13,9,9,5
93,20,9,10,5
94,15,9,10,5
95,14,9,10,5
96,19,9,10,5
97,13,9,10,5
98,17,9,10,5
99,62,10,9,5
100,57,10,9,5
101,59,10,9,5
102,60,10,9,5
103,55,10,9,5
104,72,10,9,5
105,62,10,10,5
106,57,10,10,5
107,58,10,10,5
108,72,10,10,5
109,59,10,10,5
110,56,10,10,5
111,28,11,9,5
112,71,11,9,5
113,64,11,9,5
114,21,11,9,5
115,26,11,9,5
116,23,11,9,5
117,25,11,10,5
118,23,11,10,5
119,74,11,10,5
120,64,11,10,5
121,27,11,10,5
122,34,12,9,5
123,30,12,9,5
124,31,12,9,5
125,32,12,9,5
126,61,12,9,5
127,63,12,10,5
128,35,12,10,5
129,29,12,10,5
130,30,12,10,5
