subject_id,subject_code,subject_name,department_id,credits,subject_type,semester_number
1,CSE001,Data Structures,1,2,LAB,3
2,CSE002,Algorithms,1,3,CORE,8
3,CSE003,Operating Systems,1,4,LAB,3
4,CSE004,DBMS,1,2,ELECTIVE,5
5,CSE005,Computer Networks,1,2,ELECTIVE,2
6,CSE006,Software Engineering,1,2,LAB,1
7,CSE007,Machine Learning,1,3,LAB,3
8,CSE008,Web Technologies,1,3,ELECTIVE,3
9,CSE009,Compiler Design,1,4,CORE,6
10,CSE010,Theory of Computation,1,3,ELECTIVE,3
11,CSE011,Cloud Computing,1,4,CORE,8
12,CSE012,Cyber Security,1,3,ELECTIVE,6
13,ECE013,Analog Electronics,2,2,CORE,3
14,ECE014,Digital Signal Processing,2,3,CORE,6
15,ECE015,Communication Systems,2,3,ELECTIVE,8
16,ECE016,VLSI Design,2,3,CORE,5
17,ECE017,Microprocessors,2,4,CORE,2
18,ECE018,Control Systems,2,4,CORE,1
19,ECE019,Antenna Theory,2,3,ELECTIVE,8
20,ECE020,Embedded Systems,2,3,CORE,1
21,MECH021,Thermodynamics,3,3,LAB,2
22,MECH022,Fluid Mechanics,3,3,CORE,5
23,MECH023,Machine Design,3,2,LAB,8
24,MECH024,Manufacturing Processes,3,3,CORE,1
25,MECH025,Heat Transfer,3,3,LAB,2
26,MECH026,Robotics,3,3,ELECTIVE,5
27,MECH027,CAD/CAM,3,2,CORE,2
28,MECH028,Automobile Engineering,3,4,CORE,5
29,CIVIL029,Structural Analysis,4,3,ELECTIVE,8
30,CIVIL030,Concrete Technology,4,3,ELECTIVE,1
31,CIVIL031,Geotechnical Engineering,4,2,CORE,7
32,CIVIL032,Transportation Engineering,4,3,LAB,6
33,CIVIL033,Surveying,4,2,LAB,3
34,CIVIL034,Environmental Engineering,4,2,CORE,1
35,CIVIL035,Hydraulics,4,3,LAB,1
36,EE036,Electrical Machines,5,2,LAB,5
37,EE037,Power Systems,5,3,ELECTIVE,8
38,EE038,Control Systems,5,3,CORE,3
39,EE039,Power Electronics,5,3,ELECTIVE,6
40,EE040,Renewable Energy,5,4,CORE,5
41,EE041,Circuit Theory,5,4,CORE,1
42,IT042,Information Security,6,2,ELECTIVE,2
43,IT043,Data Mining,6,3,CORE,7
44,IT044,Mobile App Development,6,3,ELECTIVE,3
45,IT045,Cloud Infrastructure,6,3,ELECTIVE,8
46,IT046,DevOps,6,2,CORE,3
47,IT047,Big Data Analytics,6,3,CORE,1
48,AIDS048,Artificial Intelligence,7,4,LAB,3
49,AIDS049,Deep Learning,7,3,ELECTIVE,7
50,AIDS050,Statistics for AI,7,2,ELECTIVE,8
51,AIDS051,Data Visualization,7,4,CORE,5
52,AIDS052,Natural Language Processing,7,4,LAB,5
53,AIDS053,Computer Vision,7,4,LAB,4
54,AIDS054,Reinforcement Learning,7,2,CORE,6
55,MBA055,Marketing Management,8,4,CORE,1
56,MBA056,Financial Accounting,8,2,CORE,1
57,MBA057,Human Resource Management,8,4,CORE,5
58,MBA058,Business Analytics,8,4,ELECTIVE,2
59,MBA059,Operations Management,8,2,ELECTIVE,3
60,MBA060,Strategic Management,8,2,CORE,3
61,CIVIL061,Structural Analysis Lab,4,2,LAB,6
62,MBA062,Human Resource Management Lab,8,2,LAB,8
63,CIVIL063,Concrete Technology Lab,4,2,LAB,7
64,MECH064,Automobile Engineering Lab,3,2,LAB,7
65,IT065,Cloud Infrastructure Lab,6,2,LAB,6
66,IT066,Mobile App Development Lab,6,2,LAB,3
67,IT067,DevOps Lab,6,2,LAB,7
68,IT068,Cloud Infrastructure Lab,6,2,LAB,6
69,CSE069,Cyber Security Lab,1,2,LAB,7
70,AIDS070,Statistics for AI Lab,7,2,LAB,8
71,MECH071,CAD/CAM Lab,3,2,LAB,5
72,MBA072,Marketing Management Lab,8,2,LAB,4
73,CSE073,Data Structures Lab,1,2,LAB,1
74,MECH074,Robotics Lab,3,2,LAB,6
75,EE075,Power Electronics Lab,5,2,LAB,5
76,IT076,Data Mining Lab,6,2,LAB,4
77,EE077,Power Electronics Lab,5,2,LAB,6
78,MECH078,Heat Transfer Lab,3,2,LAB,5
79,EE079,Power Electronics Lab,5,2,LAB,1
80,EE080,Electrical Machines Lab,5,2,LAB,5
